timestamp ,longitude ,latitude ,altitude ,RH ,Temperature ,iAQ-Core status ,CO2 ppm ,TVOC ppb ,PM 2.5 (ug/m3) ,PM 10 (ug/m3) 
2019-02-18 11:59:33,0.0,0.0,0.0,21.929932,23.224487,16,0,0,3,4
2019-02-18 12:00:48,0.0,0.0,0.0,21.881104,23.164062,16,0,0,2,3
2019-02-18 12:01:59,0.0,0.0,0.0,22.351074,23.164062,16,0,0,2,3
2019-02-18 12:03:11,0.0,0.0,0.0,22.32666,23.164062,16,0,0,2,3
2019-02-18 12:04:27,0.0,0.0,0.0,21.929932,23.184204,0,450,125,2,3
2019-02-18 12:05:41,0.0,0.0,0.0,21.850586,23.184204,0,450,125,2,3
2019-02-18 12:06:57,0.0,0.0,0.0,22.039795,23.204345999999997,0,450,125,2,3
2019-02-18 12:08:08,0.0,0.0,0.0,21.984863,23.224487,0,450,125,1,2
2019-02-18 12:09:24,0.0,0.0,0.0,21.704102,23.244629,0,450,125,2,3
2019-02-18 12:10:39,0.0,0.0,0.0,21.636963,23.264771,0,450,125,2,3
2019-02-18 12:11:54,0.0,0.0,0.0,21.307373000000002,23.274841000000002,0,450,125,2,3
2019-02-18 12:13:10,0.0,0.0,0.0,21.136475,23.284912,0,450,125,2,3
2019-02-18 12:14:25,0.0,0.0,0.0,21.325684,23.284912,0,453,126,1,2
2019-02-18 12:15:40,0.0,0.0,0.0,21.234131,23.305054000000002,0,455,127,2,3
2019-02-18 12:16:55,0.0,0.0,0.0,20.819092,23.315125,0,450,125,2,3
2019-02-18 12:18:10,0.0,0.0,0.0,20.520020000000002,23.808594,0,450,125,2,3
2019-02-18 12:19:26,0.0,0.0,0.0,20.294189000000003,23.818665,0,452,126,1,2
2019-02-18 12:20:41,0.0,0.0,0.0,20.147705,23.818665,0,454,127,2,3
2019-02-18 12:21:52,0.0,0.0,0.0,19.909668,23.828735,0,453,126,2,3
2019-02-18 12:23:12,0.0,0.0,0.0,19.873047,23.828735,0,453,126,2,3
2019-02-18 12:24:27,0.0,0.0,0.0,19.628906,23.828735,0,453,126,1,2
2019-02-18 12:25:46,0.0,0.0,0.0,19.500732,23.848876999999998,0,451,126,1,2
2019-02-18 12:27:01,0.0,0.0,0.0,19.592285,23.838805999999998,0,454,127,1,2
2019-02-18 12:28:17,0.0,0.0,0.0,19.561768,23.848876999999998,0,450,125,2,3
2019-02-18 12:29:28,0.0,0.0,0.0,19.683838,23.848876999999998,0,452,126,2,3
2019-02-18 12:30:47,0.0,0.0,0.0,19.86084,23.858948,0,450,125,1,2
2019-02-18 12:32:02,0.0,0.0,0.0,19.9646,23.858948,0,467,130,2,3
2019-02-18 12:33:30,0.0,0.0,0.0,20.074463,23.858948,0,454,127,1,2
2019-02-18 12:34:46,0.0,0.0,0.0,20.20874,23.869019,0,461,128,1,2
2019-02-18 12:35:57,0.0,0.0,0.0,20.288086,23.869019,0,458,128,1,2
2019-02-18 12:37:12,0.0,0.0,0.0,20.288086,23.869019,0,455,127,1,2
2019-02-18 12:38:27,0.0,0.0,0.0,20.440673999999998,23.869019,0,450,125,1,2
2019-02-18 12:39:43,0.0,0.0,0.0,20.489501999999998,23.869019,0,452,126,1,2
2019-02-18 12:41:02,0.0,0.0,0.0,20.53833,23.869019,0,456,127,1,2
2019-02-18 12:42:17,0.0,0.0,0.0,20.587158,23.879089,0,451,126,2,3
2019-02-18 12:43:32,0.0,0.0,0.0,20.678711,23.869019,0,456,127,1,2
2019-02-18 12:44:48,0.0,0.0,0.0,20.629883,23.869019,0,450,125,1,2
2019-02-18 12:46:03,0.0,0.0,0.0,20.568848000000003,23.879089,0,456,127,1,2
2019-02-18 12:47:18,0.0,0.0,0.0,20.574951000000002,23.869019,0,450,125,1,2
2019-02-18 12:48:33,0.0,0.0,0.0,20.41626,23.879089,0,455,127,1,2
2019-02-18 12:49:49,0.0,0.0,0.0,20.355225,23.869019,0,455,127,1,2
2019-02-18 12:51:04,0.0,0.0,0.0,20.214844,23.869019,0,465,130,1,2
2019-02-18 12:52:47,0.0,0.0,0.0,20.104979999999998,23.879089,0,456,127,1,2
2019-02-18 12:54:03,0.0,0.0,0.0,20.043945,23.869019,0,450,125,1,2
2019-02-18 12:55:14,0.0,0.0,0.0,20.001220999999997,23.879089,0,461,128,1,2
2019-02-18 12:56:25,0.0,0.0,0.0,20.123291000000002,23.879089,0,450,125,1,2
2019-02-18 12:57:40,0.0,0.0,0.0,20.166016,23.869019,0,458,128,1,2
2019-02-18 12:58:56,0.0,0.0,0.0,20.501708999999998,23.879089,0,455,127,1,2
2019-02-18 13:00:11,0.0,0.0,0.0,20.788574,23.869019,0,461,128,2,3
2019-02-18 13:01:30,0.0,0.0,0.0,21.069336,23.879089,0,450,125,1,2
2019-02-18 13:02:46,0.0,0.0,0.0,21.203613,23.879089,0,450,125,1,2
2019-02-18 13:04:00,0.0,0.0,0.0,21.282958999999998,23.899231,0,453,126,2,3
2019-02-18 13:05:12,0.0,0.0,0.0,21.234131,23.919373,0,450,125,2,3
2019-02-18 13:06:27,0.0,0.0,0.0,21.252441,23.929443,0,454,127,1,2
2019-02-18 13:07:43,0.0,0.0,0.0,21.307373000000002,23.929443,0,450,125,1,2
2019-02-18 13:08:54,0.0,0.0,0.0,21.301270000000002,23.939514000000003,0,456,127,2,3
2019-02-18 13:10:09,0.0,0.0,0.0,21.594238,23.919373,0,471,131,1,2
2019-02-18 13:11:25,0.0,0.0,0.0,21.368408,23.939514000000003,0,453,126,1,2
2019-02-18 13:12:39,0.0,0.0,0.0,21.429443,23.929443,0,451,126,1,2
2019-02-18 13:13:51,0.0,0.0,0.0,21.466064000000003,23.929443,1,0,0,2,3
2019-02-28 13:15:56,0.0,0.0,0.0,24.157715,22.600098000000003,16,0,0,0,1
2019-02-28 13:17:11,0.0,0.0,0.0,23.66333,22.670593,16,0,0,1,2
2019-02-28 13:18:27,0.0,0.0,0.0,22.991943,23.234558,16,0,0,1,2
2019-02-28 13:19:38,0.0,0.0,0.0,22.485352,23.858948,16,0,0,1,2
2019-02-28 13:20:53,0.0,0.0,0.0,22.045898,23.959656,0,450,125,1,2
2019-02-28 13:25:37,0.0,0.0,0.0,21.038818,25.178223000000003,16,0,0,0,1
2019-02-28 13:26:48,0.0,0.0,0.0,20.788574,25.218506,16,0,0,1,2
2019-02-28 13:28:00,0.0,0.0,0.0,20.428467,25.752257999999998,16,0,0,1,2
2019-02-28 13:29:15,0.0,0.0,0.0,20.391845999999997,25.782470999999997,16,0,0,1,2
2019-02-28 13:30:30,0.0,0.0,0.0,20.239258,25.812683,0,450,125,1,2
2019-02-28 13:31:46,0.0,0.0,0.0,20.025635,25.842896,0,450,125,0,1
2019-02-28 13:32:57,0.0,0.0,0.0,19.897461,25.873108,0,456,127,1,2
2019-02-28 13:34:12,0.0,0.0,0.0,19.812012,25.89325,0,451,126,1,2
2019-02-28 13:35:27,0.0,0.0,0.0,19.622803,26.396790000000003,0,458,128,1,2
2019-02-28 13:36:43,0.0,0.0,0.0,19.500732,26.427002,0,450,125,0,1
2019-02-28 13:37:54,0.0,0.0,0.0,19.464111,26.447144,0,450,125,1,2
2019-02-28 13:39:05,0.0,0.0,0.0,19.360352,26.447144,0,465,130,1,2
2019-02-28 13:40:20,0.0,0.0,0.0,19.366455,26.447144,0,450,125,1,2
2019-02-28 13:41:36,0.0,0.0,0.0,19.18335,26.477356,0,458,128,1,2
2019-02-28 13:42:51,0.0,0.0,0.0,19.195557,26.507568,0,450,125,1,2
2019-02-28 13:44:02,0.0,0.0,0.0,19.085693,26.517639000000003,0,453,126,1,2
2019-02-28 13:45:18,0.0,0.0,0.0,18.969727,26.517639000000003,0,455,127,1,2
2019-02-28 13:46:33,10.437171083441612,63.42224532907768,108.199997,18.902588,26.537781,0,452,126,1,2
2019-02-28 13:47:48,10.43745756233918,63.42155777972352,172.699997,18.927001999999998,27.03125,0,453,126,1,2
2019-02-28 13:48:59,10.437744041236746,63.42218803329817,156.699997,18.896484,27.03125,0,450,125,2,3
2019-02-28 13:50:15,10.437572153898207,63.42207344173914,143.899994,18.988037,26.537781,0,454,127,1,2
2019-02-28 13:51:30,10.437400266559667,63.42218803329817,130.699997,19.018555,26.52771,0,453,126,1,2
2019-02-28 14:00:30,0.0,0.0,0.0,22.296143,23.858948,16,0,0,1,2
2019-02-28 14:01:46,0.0,0.0,0.0,21.252441,23.919373,16,0,0,1,2
2019-02-28 14:03:01,0.0,0.0,0.0,21.148682,24.463196,16,0,0,1,2
2019-02-28 14:04:16,0.0,0.0,0.0,21.075439000000003,24.483337,16,0,0,1,2
2019-02-28 14:05:27,0.0,0.0,0.0,20.98999,24.503479000000002,0,461,128,1,2
2019-02-28 14:06:39,0.0,0.0,0.0,20.898438,24.523621,0,470,131,1,2
2019-02-28 14:07:54,0.0,0.0,0.0,20.855713,24.543762,0,466,130,1,2
2019-02-28 14:09:09,0.0,0.0,0.0,20.703125,24.584045,0,452,126,1,2
2019-02-28 14:10:25,0.0,0.0,0.0,20.520020000000002,24.594116,0,456,127,1,2
2019-02-28 14:11:36,0.0,0.0,0.0,20.611572,24.604187,0,455,127,1,2
2019-02-28 14:12:51,0.0,0.0,0.0,20.507812,25.097656,0,455,127,1,2
2019-02-28 14:14:06,0.0,0.0,0.0,20.471191,25.117798,0,459,128,1,2
2019-02-28 14:15:22,0.0,0.0,0.0,20.43457,25.127869,0,460,128,1,2
2019-02-28 14:16:33,0.0,0.0,0.0,20.397949,25.14801,0,450,125,1,2
2019-02-28 14:17:45,0.0,0.0,0.0,20.410156,25.168152,0,458,128,1,2
2019-02-28 14:18:59,0.0,0.0,0.0,20.288086,25.168152,0,463,129,0,1
2019-02-28 14:20:15,10.437858632795773,63.421901554400606,117.699997,20.251465,25.168152,0,454,127,1,2
2019-02-28 14:21:31,10.437400266559667,63.42213073751864,128.899994,19.793701000000002,25.238647,0,454,127,1,2
2019-02-28 14:22:42,10.437801337016259,63.42224532907768,136.600006,19.781494,25.208435,0,454,127,1,2
2019-02-28 14:23:57,10.437629449677722,63.42235992063671,128.899994,19.549560999999997,25.218506,0,450,125,1,2
2019-02-28 14:25:12,10.43745756233918,63.42218803329817,126.099998,19.87915,25.188292999999998,0,450,125,1,2
2019-02-28 14:26:27,10.437342970780154,63.42218803329817,130.199997,19.946289,25.188292999999998,0,457,127,1,2
2019-02-28 14:27:39,10.437514858118695,63.42218803329817,131.0,20.08667,25.188292999999998,0,460,128,1,2
2019-02-28 14:28:54,10.437629449677722,63.42218803329817,130.300003,20.037842,25.188292999999998,0,450,125,1,2
2019-02-28 14:30:09,10.437744041236746,63.42230262485718,123.300003,19.665526999999997,25.218506,0,451,126,1,2
2019-02-28 14:31:24,10.437686745457231,63.42224532907768,111.5,19.763184,25.208435,0,459,128,1,2
2019-02-28 14:32:35,10.437686745457231,63.42218803329817,104.400002,19.573975,25.198364,0,456,127,1,2
2019-02-28 14:33:47,10.437858632795773,63.42213073751864,97.400002,19.494629,25.188292999999998,0,453,126,1,2
2019-02-28 14:35:02,10.437686745457231,63.42218803329817,97.699997,19.519043,25.188292999999998,0,454,127,1,2
2019-02-28 14:36:18,10.437629449677722,63.42218803329817,98.599998,19.415283,25.198364,0,450,125,1,2
2019-02-28 14:37:32,10.437686745457231,63.42224532907768,103.5,19.268798999999998,25.198364,0,454,127,1,2
2019-02-28 14:38:44,10.437514858118695,63.42230262485718,108.0,19.378662,25.188292999999998,0,450,125,1,2
2019-02-28 14:39:59,10.43745756233918,63.42224532907768,106.699997,19.323729999999998,25.188292999999998,0,456,127,1,2
2019-02-28 14:41:15,10.437629449677722,63.42224532907768,104.599998,19.299316,25.178223000000003,0,458,128,1,2
2019-02-28 14:42:30,10.437572153898207,63.42224532907768,103.800003,19.268798999999998,25.188292999999998,0,451,126,1,2
2019-02-28 14:43:41,10.437572153898207,63.42218803329817,104.400002,19.287109,25.188292999999998,0,450,125,1,2
2019-02-28 14:44:57,10.437629449677722,63.42213073751864,102.599998,19.250488,25.178223000000003,0,450,125,1,2
2019-02-28 14:46:11,10.437572153898207,63.42218803329817,102.699997,19.396973000000003,25.158081,0,452,126,1,2
2019-02-28 14:47:27,10.437629449677722,63.42218803329817,104.099998,19.390869,25.158081,0,455,127,1,2
2019-02-28 14:48:38,10.437572153898207,63.42224532907768,104.800003,19.348145000000002,25.14801,0,450,125,1,2
2019-02-28 14:49:50,10.437801337016259,63.42224532907768,105.800003,19.470215,25.14801,0,451,126,1,2
2019-02-28 14:51:05,10.437686745457231,63.42218803329817,105.400002,19.390869,25.14801,0,450,125,1,2
2019-02-28 14:52:20,10.437744041236746,63.42213073751864,105.300003,19.42749,25.158081,0,457,127,1,2
2019-02-28 14:53:35,10.437744041236746,63.42213073751864,105.0,19.42749,25.14801,0,454,127,1,2
2019-02-28 14:54:47,10.43745756233918,63.42224532907768,103.800003,19.348145000000002,25.14801,0,458,128,1,2
2019-02-28 14:56:02,10.43745756233918,63.42224532907768,104.199997,19.378662,25.137939000000003,0,450,125,1,2
2019-02-28 14:57:17,10.437572153898207,63.42230262485718,104.599998,19.40918,25.137939000000003,0,459,128,1,2
2019-02-28 14:58:33,10.43745756233918,63.42230262485718,103.300003,19.268798999999998,25.14801,0,456,127,1,2
2019-02-28 14:59:44,10.437514858118695,63.42218803329817,102.699997,19.250488,25.168152,0,457,127,1,2
2019-02-28 15:00:59,10.43745756233918,63.42230262485718,102.400002,19.30542,25.14801,0,451,126,1,2
2019-02-28 15:02:14,10.43728567500064,63.42241721641621,100.400002,19.195557,25.158081,0,450,125,1,2
2019-02-28 15:03:30,10.437342970780154,63.42241721641621,100.400002,19.268798999999998,25.158081,0,450,125,1,2
2019-02-28 15:04:41,10.437400266559667,63.42241721641621,101.0,19.195557,25.158081,0,454,127,1,2
2019-02-28 15:05:52,10.437400266559667,63.42247451219573,100.900002,19.268798999999998,25.168152,0,456,127,1,2
2019-02-28 15:07:07,10.437400266559667,63.42241721641621,101.0,19.219970999999997,25.178223000000003,0,450,125,1,2
2019-02-28 15:08:23,10.437342970780154,63.42235992063671,99.900002,19.116211,25.188292999999998,0,462,129,1,2
2019-02-28 15:09:38,10.437629449677722,63.42241721641621,100.199997,19.165039,25.188292999999998,0,451,126,1,2
2019-02-28 15:10:49,10.437400266559667,63.42235992063671,96.400002,19.067383,25.198364,0,455,127,1,2
2019-02-28 15:12:04,10.437514858118695,63.42230262485718,96.199997,19.042969,25.198364,0,453,126,1,2
2019-02-28 15:13:20,10.437629449677722,63.42213073751864,99.5,18.945312,25.218506,0,451,126,1,2
2019-02-28 15:14:35,10.437686745457231,63.42218803329817,99.0,18.87207,25.228576999999998,0,450,125,1,2
2019-02-28 15:15:46,10.437572153898207,63.421844258621086,98.699997,18.87207,25.228576999999998,0,450,125,1,2
2019-02-28 15:17:02,10.437686745457231,63.42224532907768,100.900002,18.75,25.248718,0,457,127,1,2
2019-02-28 15:18:17,10.437572153898207,63.42224532907768,100.800003,18.75,25.248718,0,453,126,1,2
2019-02-28 15:19:32,10.437744041236746,63.42230262485718,101.599998,18.75,25.238647,0,450,125,1,2
2019-02-28 15:20:43,10.437686745457231,63.42224532907768,101.599998,18.774414,25.228576999999998,0,455,127,0,1
2019-02-28 15:21:59,10.437686745457231,63.42213073751864,101.800003,18.817139,25.248718,0,450,125,1,2
2019-02-28 15:23:14,10.437572153898207,63.42218803329817,103.099998,18.817139,25.248718,0,450,125,1,2
2019-02-28 15:24:29,10.437629449677722,63.42218803329817,106.699997,18.737793,25.248718,0,461,128,1,2
2019-02-28 15:25:40,10.437056491882588,63.42207344173914,111.699997,18.75,25.742188,0,450,125,1,2
2019-02-28 15:26:52,10.437915928575286,63.42230262485718,116.599998,18.87207,25.238647,0,451,126,1,2
2019-02-28 15:28:07,10.437629449677722,63.42230262485718,112.300003,18.75,25.742188,0,462,129,1,2
2019-02-28 15:29:22,10.437572153898207,63.42235992063671,106.300003,18.768310999999997,25.742188,0,453,126,1,2
2019-02-28 15:30:38,10.437514858118695,63.42230262485718,96.599998,18.731689000000003,25.742188,0,454,127,1,2
2019-02-28 15:31:49,10.437514858118695,63.42224532907768,95.699997,18.841553,25.238647,0,456,127,1,2
2019-02-28 15:33:04,10.437629449677722,63.42218803329817,94.900002,18.87207,25.228576999999998,0,455,127,1,2
2019-02-28 15:34:19,10.437629449677722,63.42224532907768,95.400002,18.859863,25.238647,0,456,127,1,2
2019-02-28 15:35:35,10.437686745457231,63.42230262485718,96.699997,18.878173999999998,25.228576999999998,0,461,128,1,2
2019-02-28 15:36:46,10.437629449677722,63.42207344173914,104.699997,18.896484,25.228576999999998,0,463,129,1,2
2019-02-28 15:38:01,10.437686745457231,63.42213073751864,103.599998,18.884276999999997,25.238647,0,452,126,1,2
2019-02-28 15:39:16,10.437744041236746,63.42241721641621,107.599998,18.817139,25.238647,0,457,127,1,2
2019-02-28 15:40:32,10.437915928575286,63.42230262485718,108.800003,18.786621,25.238647,0,455,127,1,2
2019-02-28 15:41:43,10.437342970780154,63.42213073751864,109.800003,18.859863,25.228576999999998,0,457,127,1,2
2019-02-28 15:42:54,10.437629449677722,63.42224532907768,112.5,18.811035,25.238647,0,455,127,1,2
2019-02-28 15:44:09,10.437915928575286,63.42247451219573,110.400002,18.878173999999998,25.238647,0,460,128,1,2
2019-02-28 15:45:25,10.437572153898207,63.42207344173914,112.599998,18.884276999999997,25.238647,0,450,125,1,2
2019-02-28 15:46:40,10.437915928575286,63.42253180797525,114.300003,18.804932,25.742188,0,454,127,1,2
2019-02-28 15:47:51,10.43820240747285,63.42230262485718,115.900002,18.817139,25.238647,0,454,127,1,2
2019-02-28 15:49:07,10.437514858118695,63.42224532907768,122.300003,18.786621,25.248718,0,452,126,1,2
2019-02-28 15:50:22,10.437572153898207,63.42218803329817,122.699997,18.75,25.742188,0,452,126,1,2
2019-02-28 15:51:37,10.437514858118695,63.42224532907768,120.0,18.774414,25.248718,0,450,125,1,2
2019-02-28 15:52:48,10.438660773708957,63.421385892384976,130.899994,18.835449,25.238647,0,465,130,1,2
2019-02-28 15:54:04,10.437514858118695,63.42224532907768,138.100006,18.878173999999998,25.218506,0,450,125,1,2
2019-02-28 15:55:19,10.437744041236746,63.42241721641621,138.300003,18.927001999999998,25.208435,0,450,125,1,2
2019-02-28 15:56:34,10.437514858118695,63.42230262485718,138.800003,18.920898,25.208435,0,453,126,1,2
2019-02-28 15:57:45,10.437572153898207,63.42235992063671,139.199997,18.945312,25.218506,0,460,128,1,2
2019-02-28 15:58:57,10.437514858118695,63.42235992063671,140.699997,18.804932,25.228576999999998,0,454,127,1,2
2019-02-28 16:00:12,10.437171083441612,63.42235992063671,143.600006,18.682861,25.742188,0,461,128,1,2
2019-02-28 16:01:27,10.437514858118695,63.42230262485718,122.400002,18.64624,25.742188,0,450,125,1,2
2019-02-28 16:02:43,10.437686745457231,63.42253180797525,120.699997,18.536376999999998,25.7724,0,457,127,1,2
2019-02-28 16:03:54,10.437629449677722,63.42224532907768,117.800003,18.560791000000002,25.762329,0,468,130,1,2
2019-02-28 16:05:05,10.437629449677722,63.42235992063671,118.099998,18.658447,25.752257999999998,0,450,125,1,2
2019-02-28 16:06:20,10.437858632795773,63.42247451219573,111.800003,18.713379,25.742188,0,453,126,1,2
2019-02-28 16:07:35,10.437572153898207,63.42224532907768,111.300003,18.719482,25.248718,0,450,125,1,2
2019-02-28 16:08:47,10.438030520134312,63.42241721641621,110.5,18.609619,25.762329,0,460,128,1,2
2019-02-28 16:09:58,10.437915928575286,63.42258910375475,106.300003,18.591309,25.762329,0,450,125,1,2
2019-02-28 16:11:10,10.437915928575286,63.42264639953427,105.199997,18.554688,25.248718,0,451,126,1,2
2019-02-28 16:12:21,10.437915928575286,63.42253180797525,98.5,18.426514,25.742188,0,453,126,1,2
2019-02-28 16:13:36,10.43728567500064,63.42207344173914,103.0,18.609619,25.742188,0,457,127,1,2
2019-02-28 16:14:51,10.437572153898207,63.42201614595964,106.5,18.621826000000002,25.248718,0,456,127,1,2
2019-02-28 16:16:07,10.437858632795773,63.42264639953427,115.300003,18.670654000000003,25.248718,0,450,125,1,2
2019-02-28 16:17:18,10.437342970780154,63.42218803329817,110.099998,18.554688,25.248718,0,455,127,1,2
2019-02-28 16:18:33,10.438087815913823,63.42115670926693,94.099998,18.658447,25.248718,0,457,127,1,2
2019-02-28 16:19:48,10.437342970780154,63.42241721641621,95.199997,18.658447,25.248718,0,452,126,1,2
2019-02-28 16:21:04,10.437686745457231,63.42218803329817,108.900002,18.609619,25.742188,0,461,128,1,2
2019-02-28 16:22:15,10.437686745457231,63.42218803329817,103.5,18.603516,25.248718,0,450,125,1,2
2019-02-28 16:23:26,10.437514858118695,63.42230262485718,132.199997,18.603516,25.248718,0,461,128,1,2
2019-02-28 16:24:41,10.437056491882588,63.42121400504644,129.399994,18.579102,25.742188,0,453,126,1,2
2019-02-28 16:25:57,10.437744041236746,63.42218803329817,108.0,18.579102,25.742188,0,454,127,1,2
2019-02-28 16:27:12,10.437629449677722,63.42213073751864,101.400002,18.572998000000002,25.248718,0,455,127,1,2
2019-02-28 16:28:23,10.437801337016259,63.42235992063671,104.0,18.389893,25.792542,0,450,125,1,2
2019-02-28 16:29:38,10.437744041236746,63.42235992063671,95.0,18.078613,25.842896,0,450,125,1,2
2019-02-28 16:30:54,10.437629449677722,63.42235992063671,100.400002,17.86499,25.883179000000002,0,453,126,1,2
2019-02-28 16:32:09,10.437915928575286,63.42218803329817,106.300003,18.096923999999998,25.822754,0,457,127,1,2
2019-02-28 16:33:20,10.43745756233918,63.42218803329817,108.699997,18.182373000000002,25.792542,0,450,125,1,2
2019-02-28 16:34:36,10.43745756233918,63.42224532907768,107.199997,18.304443,25.782470999999997,0,450,125,1,2
2019-02-28 16:35:51,10.437400266559667,63.42224532907768,108.0,18.347168,25.7724,0,454,127,1,2
2019-02-28 16:37:06,10.437686745457231,63.42218803329817,107.800003,18.341064000000003,25.762329,0,450,125,1,2
2019-02-28 16:38:17,10.437801337016259,63.42241721641621,96.800003,18.426514,25.742188,0,456,127,1,2
2019-02-28 16:39:29,10.437629449677722,63.42230262485718,102.800003,18.536376999999998,25.248718,0,452,126,1,2
2019-02-28 16:40:44,10.437801337016259,63.42230262485718,106.300003,18.554688,25.248718,0,450,125,1,2
2019-02-28 16:41:59,10.437686745457231,63.42230262485718,100.199997,18.579102,25.238647,0,450,125,1,2
2019-02-28 16:43:14,10.437400266559667,63.42235992063671,102.400002,18.579102,25.238647,0,450,125,1,2
2019-02-28 16:44:26,10.437686745457231,63.42264639953427,102.0,18.609619,25.228576999999998,0,453,126,1,2
2019-02-28 16:45:41,10.437744041236746,63.42253180797525,104.800003,18.640137,25.218506,0,457,127,1,2
2019-02-28 16:46:56,10.437514858118695,63.42218803329817,100.0,18.664551,25.208435,0,450,125,1,2
2019-02-28 16:48:12,10.437342970780154,63.42201614595964,96.800003,18.688965,25.218506,0,460,128,1,2
2019-02-28 16:49:23,10.437629449677722,63.42213073751864,98.0,18.682861,25.208435,0,451,126,1,2
2019-02-28 16:50:38,10.437514858118695,63.42235992063671,117.699997,18.719482,25.208435,0,457,127,1,2
2019-02-28 16:51:53,10.439405618842628,63.42299017421135,88.099998,18.841553,25.238647,0,452,126,1,2
2019-02-28 16:53:09,10.43745756233918,63.42213073751864,78.400002,18.902588,25.228576999999998,0,481,134,1,2
2019-02-28 16:54:20,10.43745756233918,63.42224532907768,83.5,18.688965,25.208435,0,450,125,1,2
2019-02-28 16:55:31,10.436827308764538,63.42213073751864,84.699997,18.658447,25.208435,1,0,0,1,2
2019-02-28 16:56:46,10.436770012985024,63.42207344173914,86.900002,18.701172,25.218506,0,451,126,1,2
2019-02-28 16:58:02,10.437686745457231,63.42218803329817,97.5,18.603516,25.218506,0,457,127,1,2
2019-02-28 16:59:17,10.437686745457231,63.42207344173914,95.300003,18.670654000000003,25.218506,0,450,125,1,2
2019-02-28 17:00:28,10.437686745457231,63.42213073751864,99.099998,18.621826000000002,25.218506,0,458,128,1,2
2019-02-28 17:01:43,10.437514858118695,63.42213073751864,111.0,18.609619,25.228576999999998,0,461,128,1,2
2019-02-28 17:02:59,10.437572153898207,63.42218803329817,110.300003,18.640137,25.228576999999998,0,452,126,1,2
2019-02-28 17:04:14,10.437171083441612,63.42218803329817,104.599998,18.572998000000002,25.228576999999998,0,468,130,1,2
2019-02-28 17:05:25,10.437572153898207,63.42230262485718,95.5,18.572998000000002,25.228576999999998,0,450,125,1,2
2019-02-28 17:06:41,10.43728567500064,63.42235992063671,104.099998,18.719482,25.218506,0,463,129,1,2
2019-02-28 17:07:56,10.43745756233918,63.42218803329817,105.5,18.670654000000003,25.218506,0,452,126,1,2
2019-02-28 17:09:11,10.437400266559667,63.42218803329817,100.199997,18.701172,25.218506,0,452,126,1,2
2019-02-28 17:10:22,10.437629449677722,63.42241721641621,104.800003,18.804932,25.208435,0,451,126,1,2
2019-02-28 17:11:38,10.437686745457231,63.42230262485718,105.0,18.75,25.228576999999998,0,450,125,1,2
2019-02-28 17:12:53,10.437744041236746,63.42213073751864,107.599998,18.64624,25.228576999999998,0,459,128,1,2
2019-02-28 17:14:08,10.437744041236746,63.42207344173914,108.099998,19.40918,25.218506,0,531,148,1,2
2019-02-28 17:15:19,10.437629449677722,63.42218803329817,109.099998,18.701172,25.208435,0,450,125,1,2
2019-02-28 17:16:31,10.437514858118695,63.42235992063671,115.199997,18.688965,25.198364,0,451,126,1,2
2019-02-28 17:17:46,10.437400266559667,63.42241721641621,113.599998,18.878173999999998,25.208435,0,454,127,1,2
2019-02-28 17:19:01,10.437228379221127,63.42224532907768,126.199997,18.737793,25.218506,0,454,127,1,2
2019-02-28 17:20:17,10.43745756233918,63.42224532907768,122.400002,18.701172,25.218506,0,454,127,1,2
2019-02-28 17:21:28,10.437514858118695,63.42230262485718,121.5,18.682861,25.228576999999998,0,467,130,1,2
2019-02-28 17:22:43,10.437171083441612,63.42195885018011,122.0,18.688965,25.218506,0,450,125,1,2
2019-02-28 17:23:58,10.437342970780154,63.421901554400606,122.400002,18.579102,25.228576999999998,0,450,125,1,2
2019-02-28 17:25:14,10.437973224354801,63.42213073751864,71.300003,18.731689000000003,25.208435,0,456,127,1,2
2019-02-28 17:26:25,10.437514858118695,63.42224532907768,57.200001,18.64624,25.228576999999998,0,450,125,1,2
2019-02-28 17:27:37,10.437629449677722,63.42201614595964,58.5,18.621826000000002,25.218506,0,450,125,1,2
2019-02-28 17:28:51,10.437915928575286,63.42264639953427,56.099998,18.731689000000003,25.198364,0,451,126,1,2
2019-02-28 17:30:07,10.438087815913823,63.42241721641621,54.0,18.701172,25.198364,0,452,126,1,2
2019-03-02 12:39:40,0.0,0.0,0.0,33.978271,19.327087,16,0,0,2,3
2019-03-02 12:40:56,0.0,0.0,0.0,27.105713,19.367371,16,0,0,1,2
2019-03-02 12:42:29,0.0,0.0,0.0,27.020264,19.427795,16,0,0,1,2
2019-03-02 12:43:45,0.0,0.0,0.0,26.470947,20.001831,16,0,0,1,2
2019-03-02 12:45:00,0.0,0.0,0.0,25.482178,20.062256,0,450,125,1,2
2019-03-02 12:46:15,0.0,0.0,0.0,25.10376,20.092468,0,450,125,1,2
2019-03-02 12:47:31,0.0,0.0,0.0,25.10376,20.626220999999997,0,461,128,1,2
2019-03-02 12:48:46,0.0,0.0,0.0,24.414062,20.666504,0,454,127,1,2
2019-03-02 12:50:01,0.0,0.0,0.0,24.54834,20.706787,0,455,127,1,2
2019-03-02 12:51:17,0.0,0.0,0.0,24.377441,20.716858,0,457,127,1,2
2019-03-02 12:52:32,0.0,0.0,0.0,23.925781,21.25061,0,450,125,1,2
2019-03-02 12:53:43,0.0,0.0,0.0,24.34082,21.270751999999998,0,455,127,1,2
2019-03-02 12:54:59,0.0,0.0,0.0,23.730469,21.280823,0,450,125,1,2
2019-03-02 12:56:14,0.0,0.0,0.0,23.815918,21.311035,0,453,126,1,2
2019-03-02 12:57:29,0.0,0.0,0.0,23.596191,21.321106,0,456,127,1,2
2019-03-02 12:58:40,0.0,0.0,0.0,24.291992,21.321106,0,451,126,1,2
2019-03-02 12:59:52,0.0,0.0,0.0,24.145508,21.331177,0,450,125,1,2
2019-03-02 13:01:03,0.0,0.0,0.0,23.626708999999998,21.341248,0,451,126,1,2
2019-03-02 13:02:18,0.0,0.0,0.0,23.449707,21.351318,0,453,126,1,2
2019-03-02 13:03:33,0.0,0.0,0.0,23.425293,21.341248,0,459,128,1,2
2019-03-02 13:04:49,0.0,0.0,0.0,23.413086,21.351318,0,450,125,1,2
2019-03-02 13:06:04,0.0,0.0,0.0,23.693848000000003,21.37146,0,450,125,1,2
2019-03-02 13:07:19,0.0,0.0,0.0,23.114014,21.381531,0,461,128,1,2
2019-03-02 13:08:35,0.0,0.0,0.0,23.083496,21.875,0,454,127,1,2
2019-03-02 13:09:50,0.0,0.0,0.0,23.077393,21.381531,0,451,126,1,2
2019-03-02 13:11:05,0.0,0.0,0.0,23.083496,21.875,0,452,126,1,2
2019-03-02 13:12:21,0.0,0.0,0.0,23.205566,21.875,0,450,125,1,2
2019-03-02 13:13:40,0.0,0.0,0.0,23.413086,21.905212,0,463,129,1,2
2019-03-02 13:14:55,0.0,0.0,0.0,23.260498000000002,21.905212,0,462,129,1,2
2019-03-02 13:16:11,0.0,0.0,0.0,23.028564000000003,21.915283,0,457,127,1,2
2019-03-02 13:17:30,0.0,0.0,0.0,22.979736,21.905212,0,451,126,1,2
2019-03-02 13:18:45,0.0,0.0,0.0,22.766113,21.915283,0,450,125,1,2
2019-03-02 13:19:56,0.0,0.0,0.0,23.138428,21.885071,0,453,126,1,2
2019-03-02 13:21:16,0.0,0.0,0.0,23.010254,21.885071,0,451,126,1,2
2019-03-02 13:22:31,0.0,0.0,0.0,23.498535,21.361389000000003,0,458,128,1,2
2019-03-02 13:23:46,0.0,0.0,0.0,23.510742,21.37146,0,458,128,1,2
2019-03-02 13:24:57,0.0,0.0,0.0,23.181151999999997,21.351318,0,450,125,1,2
2019-03-02 13:26:13,0.0,0.0,0.0,23.229979999999998,21.351318,0,450,125,1,2
2019-03-02 13:27:28,0.0,0.0,0.0,23.278809,21.381531,0,460,128,1,2
2019-03-02 13:28:43,0.0,0.0,0.0,22.827148,21.361389000000003,0,456,127,1,2
2019-03-02 13:29:59,0.0,0.0,0.0,22.961426,21.361389000000003,0,453,126,1,2
2019-03-02 13:31:13,0.0,0.0,0.0,22.637939000000003,21.37146,0,450,125,1,2
2019-03-02 13:32:29,0.0,0.0,0.0,22.680664,21.37146,0,451,126,1,2
2019-03-02 13:33:48,0.0,0.0,0.0,22.497559,21.351318,0,460,128,1,2
2019-03-02 13:35:03,0.0,0.0,0.0,22.814941,21.341248,0,450,125,1,2
2019-03-02 13:36:19,0.0,0.0,0.0,22.558594,21.381531,0,450,125,1,2
2019-03-02 13:37:38,0.0,0.0,0.0,22.53418,21.875,0,455,127,1,2
2019-03-02 13:38:54,0.0,0.0,0.0,22.277832,21.915283,0,455,127,1,2
2019-03-02 13:40:08,0.0,0.0,0.0,22.265625,21.915283,0,451,126,1,2
2019-03-02 13:41:24,0.0,0.0,0.0,21.801758,21.945496,0,454,127,1,2
2019-03-02 13:42:39,0.0,0.0,0.0,22.003173999999998,21.925354000000002,0,450,125,1,2
2019-03-02 13:43:54,0.0,0.0,0.0,22.180176,21.895142,0,452,126,1,2
2019-03-02 13:45:14,0.0,0.0,0.0,21.966553,21.935425,0,450,125,1,2
2019-03-02 13:46:29,0.0,0.0,0.0,22.076416000000002,21.945496,0,465,130,1,2
2019-03-02 13:47:44,0.0,0.0,0.0,22.045898,21.935425,0,458,128,1,2
2019-03-02 13:49:00,0.0,0.0,0.0,22.43042,21.915283,0,454,127,1,2
2019-03-02 13:50:15,0.0,0.0,0.0,22.241211,21.905212,0,450,125,1,2
2019-03-02 13:51:30,0.0,0.0,0.0,22.076416000000002,21.935425,0,450,125,1,2
2019-03-02 13:52:46,0.0,0.0,0.0,21.984863,21.975707999999997,0,453,126,1,2
2019-03-02 13:54:01,0.0,0.0,0.0,21.844482,21.965637,0,455,127,1,2
2019-03-02 13:55:16,0.0,0.0,0.0,22.10083,21.905212,0,450,125,1,2
2019-03-02 13:56:35,0.0,0.0,0.0,22.344970999999997,21.875,0,450,125,1,2
2019-03-02 13:57:50,0.0,0.0,0.0,22.033691,21.925354000000002,0,454,127,1,2
2019-03-02 13:59:06,0.0,0.0,0.0,21.722412,21.975707999999997,0,454,127,1,2
2019-03-02 14:00:21,0.0,0.0,0.0,23.156738,22.00592,0,493,137,1,2
2019-03-02 14:01:36,0.0,0.0,0.0,21.405029000000003,22.026062,0,465,130,1,2
2019-03-02 14:02:52,0.0,0.0,0.0,21.679688,22.529602,0,693,192,1,2
2019-03-02 14:04:07,0.0,0.0,0.0,21.551514,22.529602,0,980,271,1,2
2019-03-02 14:05:22,0.0,0.0,0.0,21.289062,22.519531,0,596,166,1,2
2019-03-02 14:06:38,0.0,0.0,0.0,21.307373000000002,22.519531,0,1369,379,1,2
2019-03-02 14:07:53,0.0,0.0,0.0,22.161865,21.99585,0,729,202,1,2
2019-03-02 14:09:04,0.0,0.0,0.0,21.551514,21.985779,0,606,168,1,2
2019-03-02 14:10:19,0.0,0.0,0.0,21.881104,21.975707999999997,0,730,203,1,2
2019-03-02 14:11:35,0.0,0.0,0.0,21.844482,21.955566,0,593,165,1,2
2019-03-02 14:12:50,0.0,0.0,0.0,21.722412,21.965637,0,684,190,1,2
2019-03-02 14:14:01,0.0,0.0,0.0,21.850586,21.965637,0,639,178,1,2
2019-03-02 14:15:17,0.0,0.0,0.0,22.186279000000003,22.026062,0,497,138,1,2
2019-03-02 14:16:32,0.0,0.0,0.0,22.467041000000002,22.569885,0,678,188,1,2
2019-03-02 14:17:47,0.0,0.0,0.0,21.575928,22.559814000000003,0,753,209,1,2
2019-03-02 14:18:58,0.0,0.0,0.0,21.618651999999997,22.590027,0,687,191,1,2
2019-03-02 14:20:14,0.0,0.0,0.0,21.502685999999997,22.529602,0,510,142,1,2
2019-03-02 14:21:28,0.0,0.0,0.0,22.20459,21.925354000000002,0,505,141,1,2
2019-03-02 14:22:44,0.0,0.0,0.0,22.448729999999998,21.381531,0,456,127,1,2
2019-03-02 14:24:03,0.0,0.0,0.0,22.058104999999998,21.885071,0,592,165,1,2
2019-03-02 14:25:19,0.0,0.0,0.0,22.705078,21.321106,0,472,132,1,2
2019-03-02 14:26:34,0.0,0.0,0.0,22.094727,21.361389000000003,0,500,139,1,2
2019-03-02 14:27:49,0.0,0.0,0.0,22.558594,21.361389000000003,0,539,150,1,2
2019-03-02 14:29:04,0.0,0.0,0.0,21.807861,21.361389000000003,0,557,155,1,2
2019-03-02 14:30:20,0.0,0.0,0.0,21.661376999999998,21.361389000000003,0,490,136,1,2
2019-03-02 14:31:31,0.0,0.0,0.0,22.149658,21.895142,0,747,207,1,2
2019-03-02 14:32:42,0.0,0.0,0.0,21.722412,21.925354000000002,0,913,253,1,2
2019-03-02 14:33:57,0.0,0.0,0.0,21.453857,21.945496,0,1438,398,1,2
2019-03-02 14:35:13,0.0,0.0,0.0,22.076416000000002,21.945496,0,1816,502,1,2
2019-03-02 14:36:28,0.0,0.0,0.0,21.655273,21.975707999999997,0,974,270,1,2
2019-03-02 14:37:39,0.0,0.0,0.0,21.282958999999998,21.965637,0,1291,357,1,2
2019-03-02 14:38:55,0.0,0.0,0.0,21.594238,21.965637,0,1055,292,1,2
2019-03-02 14:40:10,0.0,0.0,0.0,22.009276999999997,21.985779,0,1889,522,1,2
2019-03-02 14:41:25,0.0,0.0,0.0,21.105957,22.00592,0,803,223,1,2
2019-03-02 14:42:45,0.0,0.0,0.0,21.533203,22.519531,0,2328,643,1,2
2019-03-02 14:44:01,0.0,0.0,0.0,20.825195,22.519531,0,617,171,1,2
2019-03-02 14:45:11,0.0,0.0,0.0,20.880126999999998,22.015991,0,621,173,1,2
2019-03-02 14:46:31,0.0,0.0,0.0,21.136475,22.015991,0,864,239,1,2
2019-03-02 14:47:45,0.0,0.0,0.0,21.087646,22.519531,0,834,231,1,2
2019-03-02 14:49:01,0.0,0.0,0.0,20.819092,22.00592,0,536,149,1,2
2019-03-02 14:50:20,0.0,0.0,0.0,21.020508,22.026062,0,614,171,1,2
2019-03-02 14:51:35,0.0,0.0,0.0,20.837401999999997,22.539673,0,505,141,1,2
2019-03-02 14:52:47,0.0,0.0,0.0,21.234131,22.549744,0,554,154,1,2
2019-03-02 14:54:06,0.0,0.0,0.0,20.837401999999997,22.549744,0,494,138,1,2
2019-03-02 14:55:21,0.0,0.0,0.0,20.806885,22.529602,0,878,243,1,2
2019-03-02 14:56:37,0.0,0.0,0.0,20.751953,22.529602,0,450,125,1,2
2019-03-02 14:57:56,0.0,0.0,0.0,21.038818,22.549744,0,722,200,1,2
2019-03-02 14:59:11,0.0,0.0,0.0,20.861816,22.559814000000003,0,988,274,1,2
2019-03-02 15:00:26,0.0,0.0,0.0,20.855713,22.539673,0,1752,484,1,2
2019-03-02 15:01:42,0.0,0.0,0.0,20.739746,22.539673,0,653,181,1,2
2019-03-02 15:02:57,0.0,0.0,0.0,21.166992,22.519531,0,740,205,1,2
2019-03-02 15:04:12,0.0,0.0,0.0,20.623779000000003,22.529602,0,584,162,1,2
2019-03-02 15:05:32,0.0,0.0,0.0,21.801758,22.539673,0,1763,487,1,2
2019-03-02 15:06:47,0.0,0.0,0.0,20.800781,22.529602,0,995,276,1,2
2019-03-02 15:08:02,0.0,0.0,0.0,21.539307,22.539673,0,2175,600,1,2
2019-03-02 15:09:18,0.0,0.0,0.0,20.965576000000002,22.529602,0,1601,442,1,2
2019-03-02 15:10:33,0.0,0.0,0.0,20.629883,22.529602,0,1169,323,1,2
2019-03-02 15:11:48,0.0,0.0,0.0,21.276854999999998,22.519531,0,1670,461,1,2
2019-03-02 15:12:59,0.0,0.0,0.0,20.703125,22.569885,0,601,167,1,2
2019-03-02 15:14:15,0.0,0.0,0.0,20.806885,22.539673,0,645,179,1,2
2019-03-02 15:15:29,0.0,0.0,0.0,20.556641,22.529602,0,1223,338,1,2
2019-03-02 15:16:45,0.0,0.0,0.0,20.892333999999998,22.026062,0,871,241,1,2
2019-03-02 15:18:00,0.0,0.0,0.0,21.343994,22.529602,0,929,257,1,2
2019-03-02 15:19:15,0.0,0.0,0.0,20.703125,22.519531,0,1336,369,1,2
2019-03-02 15:20:31,0.0,0.0,0.0,20.739746,22.519531,0,1296,358,1,2
2019-03-02 15:21:42,0.0,0.0,0.0,20.526123000000002,22.026062,0,934,259,1,2
2019-03-02 15:23:01,0.0,0.0,0.0,21.179199,22.026062,0,2227,615,1,2
2019-03-02 15:24:17,0.0,0.0,0.0,20.556641,22.015991,0,743,206,1,2
2019-03-02 15:25:32,0.0,0.0,0.0,20.544434,22.015991,0,840,233,1,2
2019-03-02 15:26:47,0.0,0.0,0.0,20.898438,22.015991,0,891,247,1,2
2019-03-02 15:28:03,0.0,0.0,0.0,20.776367,22.529602,0,638,177,1,2
2019-03-02 15:29:18,0.0,0.0,0.0,20.776367,22.539673,0,1388,384,1,2
2019-03-02 15:30:29,0.0,0.0,0.0,21.124268,22.519531,0,1303,360,1,2
2019-03-02 15:31:40,0.0,0.0,0.0,20.355225,22.529602,0,3274,903,1,2
2019-03-02 15:32:56,0.0,0.0,0.0,20.043945,22.026062,0,721,200,1,2
2019-03-02 15:34:11,0.0,0.0,0.0,20.550537,22.00592,0,1084,300,1,2
2019-03-02 15:35:26,0.0,0.0,0.0,20.544434,21.99585,0,815,226,1,2
2019-03-02 15:36:37,0.0,0.0,0.0,23.016357,22.015991,0,633,176,1,2
2019-03-02 15:37:53,0.0,0.0,0.0,20.703125,22.569885,0,450,125,1,2
2019-03-02 15:39:08,0.0,0.0,0.0,19.87915,22.600098000000003,0,450,125,1,2
2019-03-02 15:40:23,0.0,0.0,0.0,19.628906,22.590027,0,457,127,1,2
2019-03-02 15:41:39,0.0,0.0,0.0,19.793701000000002,22.569885,0,451,126,1,2
2019-03-02 15:42:54,0.0,0.0,0.0,20.062256,22.529602,0,462,129,1,2
2019-03-02 15:44:09,0.0,0.0,0.0,21.337891,22.539673,0,606,168,1,2
2019-03-02 15:45:20,0.0,0.0,0.0,20.166016,22.539673,0,509,142,1,2
2019-03-02 15:46:40,0.0,0.0,0.0,20.159912,22.569885,0,475,132,1,2
2019-03-02 15:47:55,0.0,0.0,0.0,20.025635,22.600098000000003,0,457,127,1,2
2019-03-02 15:49:10,0.0,0.0,0.0,20.104979999999998,22.569885,0,450,125,1,2
2019-03-02 15:50:25,0.0,0.0,0.0,20.269775,22.559814000000003,0,452,126,1,2
2019-03-02 15:51:41,0.0,0.0,0.0,20.159912,22.569885,0,454,127,1,2
2019-03-02 15:52:56,0.0,0.0,0.0,20.178223000000003,22.529602,0,455,127,1,2
2019-03-02 15:54:15,0.0,0.0,0.0,20.196533,22.539673,0,455,127,1,2
2019-03-02 15:55:31,0.0,0.0,0.0,20.343018,22.519531,0,456,127,1,2
2019-03-02 15:56:46,0.0,0.0,0.0,20.251465,22.539673,0,455,127,1,2
2019-03-02 15:58:01,0.0,0.0,0.0,20.123291000000002,22.600098000000003,0,454,127,1,2
2019-03-02 15:59:17,0.0,0.0,0.0,20.294189000000003,22.569885,0,454,127,1,2
2019-03-02 16:00:32,0.0,0.0,0.0,20.056151999999997,22.569885,0,450,125,1,2
2019-03-02 16:01:43,0.0,0.0,0.0,19.976807,22.610167999999998,0,451,126,1,2
2019-03-02 16:02:58,0.0,0.0,0.0,19.9646,22.559814000000003,0,452,126,1,2
2019-03-02 16:04:14,0.0,0.0,0.0,19.9646,22.559814000000003,0,450,125,1,2
2019-03-02 16:05:29,0.0,0.0,0.0,19.915771,22.559814000000003,0,450,125,1,2
2019-03-02 16:06:40,0.0,0.0,0.0,19.891357,22.549744,0,454,127,1,2
2019-03-02 16:07:51,0.0,0.0,0.0,19.854736,22.559814000000003,0,455,127,1,2
2019-03-02 16:09:07,0.0,0.0,0.0,19.769287,22.579956,0,456,127,1,2
2019-03-02 16:10:22,0.0,0.0,0.0,19.891357,22.559814000000003,0,454,127,1,2
2019-03-02 16:11:37,0.0,0.0,0.0,19.677734,22.600098000000003,0,465,130,1,2
2019-03-02 16:12:48,0.0,0.0,0.0,19.659423999999998,22.600098000000003,0,451,126,1,2
2019-03-02 16:14:00,0.0,0.0,0.0,19.927979,22.610167999999998,0,461,128,1,2
2019-03-02 16:15:15,0.0,0.0,0.0,19.830322,22.579956,0,457,127,1,2
2019-03-02 16:16:30,0.0,0.0,0.0,19.952393,22.569885,0,450,125,1,2
2019-03-02 16:17:45,0.0,0.0,0.0,19.946289,22.559814000000003,0,452,126,1,2
2019-03-02 16:18:57,0.0,0.0,0.0,19.842529000000003,22.569885,0,455,127,1,2
2019-03-02 16:20:12,0.0,0.0,0.0,20.007324,22.539673,0,460,128,1,2
2019-03-02 16:21:27,0.0,0.0,0.0,20.007324,22.559814000000003,0,451,126,1,2
2019-03-02 16:22:43,0.0,0.0,0.0,20.025635,22.559814000000003,0,454,127,1,2
2019-03-02 16:23:58,0.0,0.0,0.0,19.9646,22.590027,0,456,127,1,2
2019-03-02 16:25:13,0.0,0.0,0.0,19.824219,22.579956,0,451,126,1,2
2019-03-02 16:26:29,0.0,0.0,0.0,19.897461,22.529602,0,452,126,1,2
2019-03-02 16:27:47,0.0,0.0,0.0,19.934082,22.569885,0,463,129,1,2
2019-03-02 16:29:03,0.0,0.0,0.0,20.007324,22.590027,0,450,125,1,2
2019-03-02 16:30:18,0.0,0.0,0.0,19.781494,22.620239,0,453,126,1,2
2019-03-02 16:31:29,0.0,0.0,0.0,19.763184,22.600098000000003,0,450,125,1,2
2019-03-02 16:32:45,0.0,0.0,0.0,19.769287,22.590027,0,451,126,1,2
2019-03-02 16:34:00,0.0,0.0,0.0,19.87915,22.600098000000003,0,454,127,1,2
2019-03-02 16:35:15,0.0,0.0,0.0,19.720458999999998,22.590027,0,450,125,1,2
2019-03-02 16:36:26,0.0,0.0,0.0,19.750977,22.600098000000003,0,458,128,1,2
2019-03-02 16:37:38,0.0,0.0,0.0,19.720458999999998,22.559814000000003,0,450,125,1,2
2019-03-02 16:38:49,0.0,0.0,0.0,20.3125,22.590027,0,455,127,1,2
2019-03-02 16:40:05,0.0,0.0,0.0,19.842529000000003,22.600098000000003,0,450,125,1,2
2019-03-02 16:41:20,0.0,0.0,0.0,19.812012,22.620239,0,450,125,1,2
2019-03-02 16:42:31,0.0,0.0,0.0,22.265625,22.610167999999998,0,495,138,1,2
2019-03-02 16:43:50,0.0,0.0,0.0,19.842529000000003,22.559814000000003,0,450,125,1,2
2019-03-02 16:45:05,0.0,0.0,0.0,19.702148,22.559814000000003,0,450,125,1,2
2019-03-02 16:46:21,0.0,0.0,0.0,19.842529000000003,22.610167999999998,0,458,128,1,2
2019-03-02 16:47:32,0.0,0.0,0.0,19.592285,22.590027,0,450,125,1,2
2019-03-02 16:48:48,0.0,0.0,0.0,19.665526999999997,22.559814000000003,0,456,127,1,2
2019-03-02 16:50:02,0.0,0.0,0.0,19.750977,22.549744,0,454,127,1,2
2019-03-02 16:51:18,0.0,0.0,0.0,19.854736,22.559814000000003,0,466,130,1,2
2019-03-02 16:52:37,0.0,0.0,0.0,19.677734,22.569885,0,450,125,1,2
2019-03-02 16:53:52,0.0,0.0,0.0,19.696045,22.569885,0,452,126,1,2
2019-03-02 16:55:08,0.0,0.0,0.0,19.683838,22.559814000000003,0,450,125,1,2
2019-03-02 16:56:23,0.0,0.0,0.0,19.702148,22.579956,0,450,125,1,2
2019-03-02 16:57:38,0.0,0.0,0.0,19.683838,22.590027,0,462,129,1,2
2019-03-02 16:58:54,0.0,0.0,0.0,19.580078,22.610167999999998,0,456,127,1,2
2019-03-02 17:00:05,0.0,0.0,0.0,19.769287,22.590027,0,459,128,1,2
2019-03-02 17:01:20,0.0,0.0,0.0,19.519043,22.620239,0,454,127,1,2
2019-03-02 17:02:35,0.0,0.0,0.0,19.500732,22.63031,0,454,127,1,2
2019-03-02 17:03:51,0.0,0.0,0.0,19.610595999999997,22.640381,0,451,126,1,2
2019-03-02 17:05:06,0.0,0.0,0.0,19.561768,22.610167999999998,0,450,125,1,2
2019-03-02 17:06:21,0.0,0.0,0.0,19.677734,22.569885,0,454,127,1,2
2019-03-02 17:07:37,0.0,0.0,0.0,19.677734,22.579956,0,454,127,1,2
2019-03-02 17:08:56,0.0,0.0,0.0,19.696045,22.569885,0,457,127,1,2
2019-03-02 17:10:11,0.0,0.0,0.0,19.683838,22.590027,0,462,129,1,2
2019-03-02 17:11:26,0.0,0.0,0.0,19.665526999999997,22.590027,0,454,127,1,2
2019-03-02 17:12:42,0.0,0.0,0.0,19.40918,22.590027,0,450,125,1,2
2019-03-02 17:13:57,0.0,0.0,0.0,19.677734,22.590027,0,461,128,1,2
2019-03-02 17:15:12,0.0,0.0,0.0,19.360352,22.579956,0,454,127,1,2
2019-03-02 17:16:32,0.0,0.0,0.0,19.317626999999998,22.569885,0,454,127,1,2
2019-03-02 17:17:46,0.0,0.0,0.0,19.104004,22.579956,0,452,126,1,2
2019-03-02 17:19:02,0.0,0.0,0.0,18.927001999999998,22.579956,0,456,127,1,2
2019-03-02 17:20:17,0.0,0.0,0.0,18.884276999999997,22.579956,0,450,125,1,2
2019-03-02 17:21:32,0.0,0.0,0.0,18.914795,22.600098000000003,0,451,126,1,2
2019-03-02 17:22:48,0.0,0.0,0.0,18.87207,22.620239,0,450,125,1,2
2019-03-02 17:24:07,0.0,0.0,0.0,18.878173999999998,22.600098000000003,0,454,127,1,2
2019-03-02 17:25:22,0.0,0.0,0.0,18.963623000000002,22.600098000000003,0,461,128,1,2
2019-03-02 17:26:38,0.0,0.0,0.0,18.981934,22.590027,0,450,125,1,2
2019-03-02 17:27:53,0.0,0.0,0.0,18.841553,22.600098000000003,0,450,125,1,2
2019-03-02 17:29:08,0.0,0.0,0.0,18.927001999999998,22.590027,0,456,127,0,1
2019-03-02 17:30:24,0.0,0.0,0.0,18.859863,22.600098000000003,0,450,125,1,2
2019-03-02 17:31:43,0.0,0.0,0.0,18.896484,22.590027,0,452,126,1,2
2019-03-02 17:32:58,0.0,0.0,0.0,18.774414,22.640381,0,451,126,1,2
2019-03-02 17:34:13,0.0,0.0,0.0,18.756104,22.63031,0,451,126,1,2
2019-03-02 17:35:33,0.0,0.0,0.0,18.811035,22.63031,0,461,128,1,2
2019-03-02 17:36:48,0.0,0.0,0.0,18.701172,22.610167999999998,0,450,125,1,2
2019-03-02 17:38:03,0.0,0.0,0.0,18.878173999999998,22.600098000000003,0,450,125,1,2
2019-03-02 17:39:19,0.0,0.0,0.0,18.75,22.620239,1,0,0,1,2
2019-03-02 17:40:34,0.0,0.0,0.0,18.701172,22.640381,0,452,126,1,2
2019-03-02 17:41:49,0.0,0.0,0.0,18.737793,22.650451999999998,0,450,125,1,2
2019-03-02 17:43:04,0.0,0.0,0.0,18.811035,22.63031,0,450,125,1,2
2019-03-02 17:44:19,0.0,0.0,0.0,18.859863,22.600098000000003,0,451,126,1,2
2019-03-02 17:45:35,0.0,0.0,0.0,18.969727,22.600098000000003,0,453,126,1,2
2019-03-02 17:46:54,0.0,0.0,0.0,18.920898,22.579956,0,462,129,1,2
2019-03-02 17:48:09,0.0,0.0,0.0,19.091797,22.569885,0,450,125,1,2
2019-03-02 17:49:25,0.0,0.0,0.0,19.085693,22.579956,0,462,129,1,2
2019-03-02 17:50:40,0.0,0.0,0.0,18.902588,22.600098000000003,0,465,130,1,2
2019-03-02 17:51:55,0.0,0.0,0.0,19.18335,22.590027,0,461,128,1,2
2019-03-02 17:53:11,0.0,0.0,0.0,19.085693,22.620239,0,457,127,1,2
2019-03-02 17:54:26,0.0,0.0,0.0,19.598389,22.640381,0,566,157,2,3
2019-03-02 17:55:42,0.0,0.0,0.0,19.470215,22.650451999999998,0,620,172,1,2
2019-03-02 17:56:57,0.0,0.0,0.0,19.152832,22.640381,0,692,192,1,2
2019-03-02 17:58:12,0.0,0.0,0.0,19.378662,22.640381,0,578,161,1,2
2019-03-02 17:59:27,0.0,0.0,0.0,19.195557,22.63031,0,598,166,1,2
2019-03-02 18:00:42,0.0,0.0,0.0,19.342041000000002,22.620239,0,540,150,1,2
2019-03-02 18:01:58,0.0,0.0,0.0,19.433594,22.620239,0,529,147,1,2
2019-03-02 18:03:17,0.0,0.0,0.0,19.268798999999998,22.640381,0,507,141,1,2
2019-03-02 18:04:32,0.0,0.0,0.0,19.116211,22.640381,0,521,145,1,2
2019-03-02 18:05:48,0.0,0.0,0.0,19.091797,22.620239,0,451,126,1,2
2019-03-02 18:06:59,0.0,0.0,0.0,19.116211,22.640381,0,451,126,1,2
2019-03-02 18:08:14,0.0,0.0,0.0,19.18335,22.620239,0,514,143,1,2
2019-03-02 18:09:29,0.0,0.0,0.0,19.238281,22.600098000000003,0,453,126,1,2
2019-03-02 18:10:45,0.0,0.0,0.0,19.042969,22.650451999999998,0,450,125,1,2
2019-03-02 18:11:56,0.0,0.0,0.0,19.036865,22.640381,1,0,0,1,2
2019-03-02 18:13:07,0.0,0.0,0.0,19.165039,22.660522,0,455,127,1,2
2019-03-02 18:14:22,0.0,0.0,0.0,19.134521,22.640381,0,452,126,1,2
2019-03-02 18:15:38,0.0,0.0,0.0,19.152832,22.660522,0,461,128,1,2
2019-03-02 18:16:53,0.0,0.0,0.0,19.073486,22.670593,0,450,125,1,2
2019-03-02 18:18:13,0.0,0.0,0.0,19.165039,22.620239,0,450,125,1,2
2019-03-02 18:19:28,0.0,0.0,0.0,19.464111,22.620239,0,464,129,1,2
2019-03-02 18:20:43,0.0,0.0,0.0,19.537354,22.620239,0,470,131,1,2
2019-03-02 18:21:58,0.0,0.0,0.0,19.683838,22.640381,0,525,146,1,2
2019-03-02 18:23:13,0.0,0.0,0.0,19.494629,22.620239,0,488,136,1,2
2019-03-02 18:24:29,0.0,0.0,0.0,19.561768,22.640381,0,493,137,1,2
2019-03-02 18:25:40,0.0,0.0,0.0,19.610595999999997,22.63031,0,509,142,1,2
2019-03-02 18:26:56,0.0,0.0,0.0,19.696045,22.620239,0,533,148,1,2
2019-03-02 18:28:10,0.0,0.0,0.0,19.378662,22.650451999999998,0,499,139,1,2
2019-03-02 18:29:26,0.0,0.0,0.0,19.342041000000002,22.650451999999998,0,487,136,1,2
2019-03-02 18:30:37,0.0,0.0,0.0,19.342041000000002,22.660522,0,486,135,1,2
2019-03-02 18:31:49,0.0,0.0,0.0,19.146729,22.670593,0,450,125,1,2
2019-03-02 18:33:04,0.0,0.0,0.0,19.20166,23.164062,0,455,127,1,2
2019-03-02 18:34:19,0.0,0.0,0.0,19.219970999999997,23.174132999999998,0,452,126,1,2
2019-03-02 18:35:34,0.0,0.0,0.0,19.024658,23.164062,0,450,125,1,2
2019-03-02 18:36:46,0.0,0.0,0.0,19.024658,23.164062,0,450,125,1,2
2019-03-02 18:38:00,0.0,0.0,0.0,18.914795,23.164062,0,460,128,1,2
2019-03-02 18:39:16,0.0,0.0,0.0,18.682861,23.164062,0,450,125,1,2
2019-03-02 18:40:32,0.0,0.0,0.0,18.389893,22.670593,0,451,126,1,2
2019-03-02 18:41:43,0.0,0.0,0.0,18.542479999999998,23.164062,0,452,126,1,2
2019-03-02 18:42:58,0.0,0.0,0.0,18.450928,22.660522,0,453,126,1,2
2019-03-02 18:44:13,0.0,0.0,0.0,18.225098000000003,22.660522,0,450,125,1,2
2019-03-02 18:45:29,0.0,0.0,0.0,18.310547,22.670593,0,459,128,1,2
2019-03-02 18:46:40,0.0,0.0,0.0,18.157958999999998,22.660522,0,456,127,1,2
2019-03-02 18:47:55,0.0,0.0,0.0,18.096923999999998,22.650451999999998,0,450,125,1,2
2019-03-02 18:49:10,0.0,0.0,0.0,17.883301,22.640381,0,450,125,1,2
2019-03-02 18:50:25,0.0,0.0,0.0,17.840576000000002,22.63031,0,452,126,1,2
2019-03-02 18:51:41,0.0,0.0,0.0,17.828369,22.620239,0,450,125,1,2
2019-03-02 18:52:56,0.0,0.0,0.0,17.816162,22.640381,0,458,128,1,2
2019-03-02 18:54:11,0.0,0.0,0.0,17.987060999999997,22.620239,0,459,128,1,2
2019-03-02 18:55:31,0.0,0.0,0.0,17.86499,22.660522,0,450,125,1,2
2019-03-02 18:56:46,0.0,0.0,0.0,17.84668,23.184204,0,450,125,1,2
2019-03-02 18:58:01,0.0,0.0,0.0,17.749023,23.184204,0,456,127,1,2
2019-03-02 18:59:21,0.0,0.0,0.0,17.944336,23.184204,0,456,127,1,2
2019-03-02 19:00:36,0.0,0.0,0.0,17.913818,23.184204,0,455,127,1,2
2019-03-02 19:01:52,0.0,0.0,0.0,17.828369,23.194275,0,455,127,1,2
2019-03-02 19:03:06,0.0,0.0,0.0,17.712401999999997,23.194275,0,455,127,1,2
2019-03-02 19:04:21,0.0,0.0,0.0,17.718506,23.194275,0,459,128,1,2
2019-03-02 19:05:37,0.0,0.0,0.0,18.145751999999998,23.164062,0,454,127,1,2
2019-03-02 19:06:52,0.0,0.0,0.0,17.950439000000003,23.164062,0,450,125,1,2
2019-03-02 19:08:07,0.0,0.0,0.0,18.176270000000002,23.164062,0,457,127,1,2
2019-03-02 19:10:42,0.0,0.0,0.0,18.127441,22.660522,0,452,126,1,2
2019-03-02 19:11:57,0.0,0.0,0.0,18.243408,23.174132999999998,0,469,131,1,2
2019-03-02 19:13:16,0.0,0.0,0.0,17.877197,23.214417,0,454,127,1,2
2019-03-02 19:14:32,0.0,0.0,0.0,17.706298999999998,23.204345999999997,0,450,125,1,2
2019-03-02 19:15:47,0.0,0.0,0.0,17.822266,23.184204,0,450,125,1,2
2019-03-02 19:17:06,0.0,0.0,0.0,17.932129,22.660522,0,450,125,1,2
2019-03-02 19:18:22,0.0,0.0,0.0,17.877197,22.670593,0,459,128,1,2
2019-03-02 19:19:37,0.0,0.0,0.0,17.779541000000002,22.650451999999998,0,452,126,1,2
2019-03-02 19:20:56,0.0,0.0,0.0,18.029785,22.610167999999998,0,458,128,1,2
2019-03-02 19:22:11,0.0,0.0,0.0,17.932129,22.660522,0,459,128,1,2
2019-03-02 19:23:27,0.0,0.0,0.0,17.700195,22.640381,0,452,126,1,2
2019-03-02 19:24:46,0.0,0.0,0.0,17.779541000000002,22.650451999999998,0,518,144,1,2
2019-03-02 19:26:01,0.0,0.0,0.0,17.449951000000002,23.164062,0,466,130,1,2
2019-03-02 19:27:17,0.0,0.0,0.0,17.596435999999997,22.640381,0,450,125,1,2
2019-03-02 19:28:32,0.0,0.0,0.0,17.584229,23.164062,0,459,128,1,2
2019-03-02 19:29:47,0.0,0.0,0.0,17.645264,22.670593,0,450,125,1,2
2019-03-02 19:31:03,0.0,0.0,0.0,17.547607,23.184204,0,452,126,1,2
2019-03-02 19:32:14,0.0,0.0,0.0,17.901611,22.660522,0,464,129,1,2
2019-03-02 19:33:25,0.0,0.0,0.0,17.242432,23.184204,0,457,127,1,2
2019-03-02 19:34:40,0.0,0.0,0.0,17.1875,23.184204,0,450,125,1,2
2019-03-02 19:35:56,0.0,0.0,0.0,17.30957,23.184204,0,478,133,1,2
2019-03-02 19:37:11,0.0,0.0,0.0,17.181396,23.174132999999998,0,450,125,1,2
2019-03-02 19:38:22,0.0,0.0,0.0,17.089844,23.194275,0,453,126,1,2
2019-03-02 19:40:53,0.0,0.0,0.0,17.199707,23.194275,0,452,126,1,2
2019-03-02 19:42:08,0.0,0.0,0.0,17.150879,23.164062,0,450,125,1,2
2019-03-02 19:43:19,0.0,0.0,0.0,17.547607,22.600098000000003,0,450,125,1,2
2019-03-02 19:44:35,0.0,0.0,0.0,17.523193,22.640381,0,450,125,1,2
2019-03-02 19:45:50,0.0,0.0,0.0,17.773438,22.650451999999998,0,524,146,1,2
2019-03-02 19:47:05,0.0,0.0,0.0,17.602539,22.650451999999998,0,450,125,1,2
2019-03-02 19:48:20,0.0,0.0,0.0,17.718506,22.63031,0,451,126,1,2
2019-03-02 19:49:36,0.0,0.0,0.0,17.901611,22.600098000000003,0,450,125,1,2
2019-03-02 19:50:51,0.0,0.0,0.0,17.877197,22.600098000000003,0,450,125,1,2
2019-03-02 19:52:10,0.0,0.0,0.0,17.877197,22.620239,0,450,125,1,2
2019-03-02 19:53:25,0.0,0.0,0.0,18.145751999999998,22.569885,0,459,128,1,2
2019-03-02 19:54:41,0.0,0.0,0.0,18.218994,22.569885,0,450,125,1,2
2019-03-02 19:55:56,0.0,0.0,0.0,18.157958999999998,22.610167999999998,0,494,138,1,2
2019-03-02 19:57:11,0.0,0.0,0.0,18.322754,22.579956,0,455,127,1,2
2019-03-02 19:58:27,0.0,0.0,0.0,18.304443,22.559814000000003,0,450,125,1,2
2019-03-02 19:59:46,0.0,0.0,0.0,18.377685999999997,22.559814000000003,0,450,125,1,2
2019-03-02 20:01:01,0.0,0.0,0.0,18.292236,22.579956,0,450,125,1,2
2019-03-02 20:02:16,0.0,0.0,0.0,18.286133,22.569885,0,461,128,1,2
2019-03-02 20:03:28,0.0,0.0,0.0,18.341064000000003,22.569885,0,450,125,1,2
2019-03-02 20:04:39,0.0,0.0,0.0,18.585205,22.590027,0,516,144,1,2
2019-03-02 20:05:54,0.0,0.0,0.0,18.701172,22.600098000000003,0,457,127,1,2
2019-03-02 20:07:10,0.0,0.0,0.0,19.268798999999998,22.590027,0,514,143,1,2
2019-03-02 20:08:25,0.0,0.0,0.0,18.670654000000003,22.590027,0,517,144,1,2
2019-03-02 20:10:56,0.0,0.0,0.0,19.53125,22.579956,0,565,157,1,2
2019-03-02 20:12:10,0.0,0.0,0.0,18.432617,22.579956,0,450,125,1,2
2019-03-02 20:13:22,0.0,0.0,0.0,18.505859,22.590027,0,450,125,1,2
2019-03-02 20:14:33,0.0,0.0,0.0,18.518066,22.579956,0,450,125,1,2
2019-03-02 20:15:49,0.0,0.0,0.0,18.481445,22.63031,0,460,128,1,2
2019-03-02 20:17:04,0.0,0.0,0.0,18.481445,22.640381,0,475,132,1,2
2019-03-02 20:18:19,0.0,0.0,0.0,18.658447,23.174132999999998,0,535,149,1,2
2019-03-02 20:19:30,0.0,0.0,0.0,18.395996,23.194275,0,495,138,1,2
2019-03-02 20:20:46,0.0,0.0,0.0,18.19458,23.174132999999998,0,474,132,1,2
2019-03-02 20:22:01,0.0,0.0,0.0,18.438720999999997,22.610167999999998,0,450,125,1,2
2019-03-02 20:23:16,0.0,0.0,0.0,18.774414,22.559814000000003,0,454,127,1,2
2019-03-02 20:24:36,0.0,0.0,0.0,18.823242,22.549744,0,450,125,1,2
2019-03-02 20:25:51,0.0,0.0,0.0,19.116211,22.026062,1,0,0,1,2
2019-03-02 20:27:06,0.0,0.0,0.0,19.232178,22.00592,0,450,125,1,2
2019-03-02 20:28:21,0.0,0.0,0.0,19.287109,21.99585,0,452,126,1,2
2019-03-02 20:29:36,0.0,0.0,0.0,19.580078,21.945496,0,452,126,1,2
2019-03-02 20:30:52,0.0,0.0,0.0,19.750977,21.945496,0,450,125,1,2
2019-03-02 20:32:03,0.0,0.0,0.0,19.628906,21.945496,0,450,125,1,2
2019-03-02 20:33:14,0.0,0.0,0.0,19.714354999999998,21.975707999999997,0,533,148,1,2
2019-03-02 20:34:29,0.0,0.0,0.0,19.677734,21.975707999999997,0,541,151,1,2
2019-03-02 20:35:45,0.0,0.0,0.0,19.42749,21.985779,0,498,139,1,2
2019-03-02 20:37:00,0.0,0.0,0.0,19.53125,21.99585,0,515,143,1,2
2019-03-02 20:38:11,0.0,0.0,0.0,19.628906,21.965637,0,531,148,1,2
2019-03-02 20:40:42,0.0,0.0,0.0,19.842529000000003,21.935425,0,467,130,1,2
2019-03-02 20:41:57,0.0,0.0,0.0,19.622803,21.935425,0,457,127,1,2
2019-03-02 20:43:08,0.0,0.0,0.0,19.641113,21.955566,0,460,128,1,2
2019-03-02 20:44:24,0.0,0.0,0.0,19.573975,21.985779,0,468,130,1,2
2019-03-02 20:45:39,0.0,0.0,0.0,19.464111,21.975707999999997,0,450,125,1,2
2019-03-02 20:46:54,0.0,0.0,0.0,19.549560999999997,21.945496,0,459,128,1,2
2019-03-02 20:48:14,0.0,0.0,0.0,19.830322,21.935425,0,469,131,1,2
2019-03-02 20:49:33,0.0,0.0,0.0,19.592285,21.955566,0,450,125,1,2
2019-03-02 20:50:44,0.0,0.0,0.0,19.555664,21.975707999999997,0,457,127,1,2
2019-03-02 20:51:55,0.0,0.0,0.0,19.238281,22.015991,0,456,127,1,2
2019-03-02 20:53:11,0.0,0.0,0.0,18.988037,22.519531,0,454,127,1,2
2019-03-02 20:54:26,0.0,0.0,0.0,18.969727,22.015991,0,468,130,1,2
2019-03-02 20:55:41,0.0,0.0,0.0,19.042969,22.015991,0,450,125,1,2
2019-03-02 20:56:53,0.0,0.0,0.0,19.366455,21.965637,0,511,142,1,2
2019-03-02 20:58:08,0.0,0.0,0.0,19.128418,21.985779,0,484,135,1,2
2019-03-02 20:59:23,0.0,0.0,0.0,19.036865,21.99585,0,450,125,1,2
2019-03-02 21:00:38,0.0,0.0,0.0,19.018555,21.99585,0,450,125,1,2
2019-03-02 21:01:53,0.0,0.0,0.0,19.104004,21.965637,0,451,126,1,2
2019-03-02 21:03:09,0.0,0.0,0.0,19.158935999999997,21.955566,0,457,127,1,2
2019-03-02 21:04:24,0.0,0.0,0.0,19.335938,21.935425,0,450,125,1,2
2019-03-02 21:05:43,0.0,0.0,0.0,19.482422,21.915283,0,473,132,1,2
2019-03-02 21:06:59,0.0,0.0,0.0,19.549560999999997,21.945496,0,458,128,1,2
2019-03-02 21:08:14,0.0,0.0,0.0,19.152832,21.945496,0,450,125,1,2
2019-03-02 21:10:40,0.0,0.0,0.0,19.20166,21.945496,0,461,128,1,2
2019-03-02 21:11:56,0.0,0.0,0.0,19.024658,21.935425,0,450,125,1,2
2019-03-02 21:13:11,0.0,0.0,0.0,19.055176,21.955566,0,452,126,1,2
2019-03-02 21:14:22,0.0,0.0,0.0,19.323729999999998,21.945496,0,473,132,1,2
2019-03-02 21:15:38,0.0,0.0,0.0,19.024658,21.955566,0,453,126,1,2
2019-03-02 21:16:53,0.0,0.0,0.0,18.920898,21.935425,0,453,126,1,2
2019-03-02 21:18:08,0.0,0.0,0.0,19.024658,21.915283,0,450,125,1,2
2019-03-02 21:19:28,0.0,0.0,0.0,19.165039,21.925354000000002,0,468,130,1,2
2019-03-02 21:20:42,0.0,0.0,0.0,19.360352,21.945496,0,487,136,1,2
2019-03-02 21:21:58,0.0,0.0,0.0,19.018555,21.945496,0,450,125,1,2
2019-03-02 21:23:13,0.0,0.0,0.0,19.000244,21.945496,0,458,128,1,2
2019-03-02 21:24:28,0.0,0.0,0.0,19.036865,21.945496,0,451,126,1,2
2019-03-02 21:25:44,0.0,0.0,0.0,18.988037,21.955566,0,460,128,1,2
2019-03-02 21:26:55,0.0,0.0,0.0,18.933104999999998,21.955566,0,451,126,1,2
2019-03-02 21:28:07,0.0,0.0,0.0,18.896484,21.945496,0,450,125,1,2
2019-03-02 21:29:18,0.0,0.0,0.0,18.988037,21.925354000000002,0,459,128,1,2
2019-03-02 21:30:33,0.0,0.0,0.0,18.933104999999998,21.935425,0,450,125,1,2
2019-03-02 21:31:48,0.0,0.0,0.0,18.823242,21.945496,0,453,126,1,2
2019-03-02 21:33:04,0.0,0.0,0.0,18.817139,21.935425,0,450,125,1,2
2019-03-02 21:34:18,0.0,0.0,0.0,18.835449,21.935425,0,450,125,1,2
2019-03-02 21:35:34,0.0,0.0,0.0,18.75,21.925354000000002,0,450,125,1,2
2019-03-02 21:36:49,0.0,0.0,0.0,18.719482,21.915283,0,450,125,1,2
2019-03-02 21:38:01,0.0,0.0,0.0,18.701172,21.945496,0,450,125,1,2
2019-03-02 21:39:16,0.0,0.0,0.0,18.64624,21.935425,0,452,126,1,2
2019-03-02 21:40:35,0.0,0.0,0.0,18.682861,21.925354000000002,0,455,127,1,2
2019-03-02 21:41:46,0.0,0.0,0.0,18.518066,21.935425,0,450,125,1,2
2019-03-02 21:42:57,0.0,0.0,0.0,18.505859,21.925354000000002,0,463,129,1,2
2019-03-02 21:44:09,0.0,0.0,0.0,18.359375,21.935425,0,451,126,1,2
2019-03-02 21:45:24,0.0,0.0,0.0,18.481445,21.945496,0,450,125,1,2
2019-03-02 21:46:40,0.0,0.0,0.0,18.255615,21.935425,0,450,125,1,2
2019-03-02 21:47:54,0.0,0.0,0.0,18.450928,21.945496,0,463,129,1,2
2019-03-02 21:49:10,0.0,0.0,0.0,18.304443,21.935425,0,451,126,1,2
2019-03-02 21:50:25,0.0,0.0,0.0,18.200684,21.955566,0,457,127,1,2
2019-03-02 21:51:40,0.0,0.0,0.0,18.09082,21.945496,0,456,127,1,2
2019-03-02 21:53:00,0.0,0.0,0.0,18.237305,21.925354000000002,0,451,126,1,2
2019-03-02 21:54:15,0.0,0.0,0.0,18.347168,21.935425,0,465,130,1,2
2019-03-02 21:55:30,0.0,0.0,0.0,18.328857,21.925354000000002,0,454,127,1,2
2019-03-02 21:56:42,0.0,0.0,0.0,18.450928,21.925354000000002,0,456,127,1,2
2019-03-02 21:57:57,0.0,0.0,0.0,18.591309,21.925354000000002,0,464,129,1,2
2019-03-02 21:59:12,0.0,0.0,0.0,18.737793,21.965637,0,450,125,1,2
2019-03-02 22:00:28,0.0,0.0,0.0,18.640137,21.975707999999997,0,455,127,1,2
2019-03-02 22:01:39,0.0,0.0,0.0,18.408203,22.015991,0,470,131,1,2
2019-03-02 22:02:54,0.0,0.0,0.0,18.225098000000003,22.026062,0,456,127,1,2
2019-03-02 22:04:09,0.0,0.0,0.0,18.267822,22.539673,0,458,128,1,2
2019-03-02 22:05:25,0.0,0.0,0.0,18.09082,22.559814000000003,0,458,128,1,2
2019-03-02 22:06:36,0.0,0.0,0.0,18.115234,22.590027,0,452,126,1,2
2019-03-02 22:07:51,0.0,0.0,0.0,18.07251,22.600098000000003,0,450,125,1,2
2019-03-02 22:10:22,0.0,0.0,0.0,18.127441,22.600098000000003,0,450,125,1,2
2019-03-02 22:11:41,0.0,0.0,0.0,18.19458,22.579956,0,467,130,1,2
2019-03-02 22:12:57,0.0,0.0,0.0,18.322754,22.569885,0,450,125,1,2
2019-03-02 22:14:11,0.0,0.0,0.0,18.432617,22.549744,0,462,129,1,2
2019-03-02 22:15:27,0.0,0.0,0.0,18.688965,22.026062,0,457,127,1,2
2019-03-02 22:16:42,0.0,0.0,0.0,18.933104999999998,21.955566,0,461,128,1,2
2019-03-02 22:17:57,0.0,0.0,0.0,18.945312,21.895142,0,450,125,1,2
2019-03-02 22:19:13,0.0,0.0,0.0,19.726562,21.875,0,543,151,1,2
2019-03-02 22:20:28,0.0,0.0,0.0,19.049072,21.875,0,450,125,1,2
2019-03-02 22:21:43,0.0,0.0,0.0,18.969727,21.875,0,450,125,1,2
2019-03-02 22:23:03,0.0,0.0,0.0,18.792725,21.381531,0,454,127,1,2
2019-03-02 22:24:17,0.0,0.0,0.0,18.713379,21.381531,0,452,126,1,2
2019-03-02 22:25:33,0.0,0.0,0.0,18.737793,21.37146,0,455,127,1,2
2019-03-02 22:26:44,0.0,0.0,0.0,18.835449,21.361389000000003,0,450,125,1,2
2019-03-02 22:27:56,0.0,0.0,0.0,18.804932,21.341248,0,454,127,1,2
2019-03-02 22:29:11,0.0,0.0,0.0,18.87207,21.321106,0,450,125,1,2
2019-03-02 22:30:26,0.0,0.0,0.0,19.024658,21.290894,0,450,125,1,2
2019-03-02 22:31:42,0.0,0.0,0.0,18.756104,21.351318,0,452,126,1,2
2019-03-02 22:32:53,0.0,0.0,0.0,18.640137,21.351318,0,456,127,1,2
2019-03-02 22:34:08,0.0,0.0,0.0,18.896484,21.311035,0,454,127,1,2
2019-03-02 22:35:23,0.0,0.0,0.0,18.774414,21.331177,0,451,126,1,2
2019-03-02 22:36:39,0.0,0.0,0.0,18.560791000000002,21.37146,0,466,130,1,2
2019-03-02 22:37:50,0.0,0.0,0.0,18.737793,21.361389000000003,0,462,129,1,2
